Date,Opening Price,Actual Price,Predicted Price
2020-03-27 00:00:00+05:30,62.83763736,62.83763736,62.66438293
2020-03-30 00:00:00+05:30,60.85730638,60.85730638,61.80935287
2020-03-31 00:00:00+05:30,63.02805246,63.02805246,61.1725502
2020-04-01 00:00:00+05:30,64.20864493,64.20864493,60.85099411
2020-04-03 00:00:00+05:30,62.49490386,62.49490386,60.82879639
2020-04-07 00:00:00+05:30,62.1521203,62.1521203,60.89127731
2020-04-08 00:00:00+05:30,62.11406458,62.11406458,60.97740173
2020-04-09 00:00:00+05:30,67.29340946,67.29340946,61.0675087
2020-04-13 00:00:00+05:30,66.34131566,66.34131566,61.48357773
2020-04-15 00:00:00+05:30,67.75038782,67.75038782,62.02978134
2020-04-16 00:00:00+05:30,66.45556624,66.45556624,62.71405411
2020-04-17 00:00:00+05:30,76.92850235,76.92850235,63.36107254
2020-04-20 00:00:00+05:30,73.88183881,73.88183881,64.60977173
2020-04-21 00:00:00+05:30,73.50100684,73.50100684,65.98510742
2020-04-22 00:00:00+05:30,74.11033202,74.11033202,67.32453156
2020-04-23 00:00:00+05:30,74.22457212,74.22457212,68.58860779
2020-04-24 00:00:00+05:30,72.16807501,72.16807501,69.72712708
2020-04-27 00:00:00+05:30,71.90148731,71.90148731,70.57720184
2020-04-28 00:00:00+05:30,70.18774745,70.18774745,71.16530609
2020-04-29 00:00:00+05:30,69.65456959,69.65456959,71.4358902
2020-04-30 00:00:00+05:30,69.57839967,69.57839967,71.44906616
2020-05-04 00:00:00+05:30,69.34990883,69.34990883,71.29180908
2020-05-05 00:00:00+05:30,70.22581856,70.22581856,71.02293396
2020-05-06 00:00:00+05:30,70.79706254,70.79706254,70.75821686
2020-05-07 00:00:00+05:30,71.67298914,71.67298914,70.55362701
2020-05-08 00:00:00+05:30,69.31182563,69.31182563,70.45989227
2020-05-11 00:00:00+05:30,67.17914817,67.17914817,70.29442596
2020-05-12 00:00:00+05:30,65.88432157,65.88432157,69.95323181
2020-05-13 00:00:00+05:30,72.32040273,72.32040273,69.43366241
2020-05-14 00:00:00+05:30,71.06365461,71.06365461,69.24240875
2020-05-15 00:00:00+05:30,68.5501614,68.5501614,69.20490265
2020-05-18 00:00:00+05:30,68.93098664,68.93098664,69.10816193
2020-05-19 00:00:00+05:30,68.24549181,68.24549181,68.99912262
2020-05-20 00:00:00+05:30,68.47397511,68.47397511,68.84398651
2020-05-21 00:00:00+05:30,70.18771776,70.18771776,68.68217468
2020-05-22 00:00:00+05:30,68.47397921,68.47397921,68.63632965
2020-05-26 00:00:00+05:30,68.66440558,68.66440558,68.56121826
2020-05-27 00:00:00+05:30,70.83514828,70.83514828,68.48214722
2020-05-28 00:00:00+05:30,72.54890655,72.54890655,68.54437256
2020-05-29 00:00:00+05:30,72.1299945,72.1299945,68.806633
2020-06-01 00:00:00+05:30,74.9481559,74.9481559,69.15687561
2020-06-02 00:00:00+05:30,75.21474281,75.21474281,69.72076416
2020-06-03 00:00:00+05:30,74.45307252,74.45307252,70.40555573
2020-06-04 00:00:00+05:30,71.71106432,71.71106432,71.07414246
2020-06-05 00:00:00+05:30,72.35849595,72.35849595,71.50957489
2020-06-08 00:00:00+05:30,75.36707876,75.36707876,71.80184174
2020-06-09 00:00:00+05:30,75.40516966,75.40516966,72.17546844
2020-06-10 00:00:00+05:30,74.75775146,74.75775146,72.58482361
2020-06-11 00:00:00+05:30,74.75774526,74.75774526,72.95059967
2020-06-12 00:00:00+05:30,71.97765143,71.97765143,73.26372528
2020-06-15 00:00:00+05:30,73.65333493,73.65333493,73.3436203
2020-06-16 00:00:00+05:30,72.32041324,72.32041324,73.3713913
2020-06-17 00:00:00+05:30,70.79706656,70.79706656,73.28039551
2020-06-18 00:00:00+05:30,69.92115446,69.92115446,73.02042389
2020-06-19 00:00:00+05:30,70.87324505,70.87324505,72.61083984
2020-06-22 00:00:00+05:30,71.67299999,71.67299999,72.19210052
2020-06-23 00:00:00+05:30,72.43466294,72.43466294,71.84871674
2020-06-24 00:00:00+05:30,77.6901782,77.6901782,71.62799072
2020-06-25 00:00:00+05:30,73.91992333,73.91992333,71.84014893
2020-06-26 00:00:00+05:30,73.42482847,73.42482847,72.08359528
2020-06-29 00:00:00+05:30,74.37691365,74.37691365,72.29391479
2020-06-30 00:00:00+05:30,73.8818265,73.8818265,72.52626801
2020-07-01 00:00:00+05:30,72.12997866,72.12997866,72.72516632
2020-07-02 00:00:00+05:30,71.97765792,71.97765792,72.7754364
2020-07-03 00:00:00+05:30,71.29214332,71.29214332,72.71356201
2020-07-06 00:00:00+05:30,73.04398977,73.04398977,72.53884125
2020-07-07 00:00:00+05:30,72.66315454,72.66315454,72.4148407
2020-07-08 00:00:00+05:30,70.72089851,70.72089851,72.31079102
2020-07-09 00:00:00+05:30,69.54032096,69.54032096,72.10271454
2020-07-10 00:00:00+05:30,69.46416684,69.46416684,71.76303864
2020-07-13 00:00:00+05:30,69.34989578,69.34989578,71.35391998
2020-07-14 00:00:00+05:30,68.39781911,68.39781911,70.91967773
2020-07-15 00:00:00+05:30,67.2553127,67.2553127,70.43743896
2020-07-16 00:00:00+05:30,67.17916223,67.17916223,69.882164
2020-07-17 00:00:00+05:30,66.41747032,66.41747032,69.31009674
2020-07-20 00:00:00+05:30,67.71229851,67.71229851,68.71622467
2020-07-21 00:00:00+05:30,67.02681324,67.02681324,68.22955322
2020-07-22 00:00:00+05:30,67.59807361,67.59807361,67.80240631
2020-07-23 00:00:00+05:30,69.23565319,69.23565319,67.47776794
2020-07-24 00:00:00+05:30,68.77865762,68.77865762,67.3458786
2020-07-27 00:00:00+05:30,68.20740202,68.20740202,67.31989288
2020-07-28 00:00:00+05:30,66.95065412,66.95065412,67.32627869
2020-07-29 00:00:00+05:30,67.40765027,67.40765027,67.27051544
2020-07-30 00:00:00+05:30,67.44574435,67.44574435,67.20440674
2020-07-31 00:00:00+05:30,66.1889863,66.1889863,67.13816833
2020-08-03 00:00:00+05:30,66.41747491,66.41747491,66.99591827
2020-08-04 00:00:00+05:30,65.88430941,65.88430941,66.82698059
2020-08-05 00:00:00+05:30,65.42731476,65.42731476,66.61827087
2020-08-06 00:00:00+05:30,65.88429663,65.88429663,66.3682251
2020-08-07 00:00:00+05:30,65.65579789,65.65579789,66.13698578
2020-08-10 00:00:00+05:30,66.11281478,66.11281478,65.91970825
2020-08-11 00:00:00+05:30,67.78848301,67.78848301,65.75525665
2020-08-12 00:00:00+05:30,67.02680163,67.02680163,65.7438736
2020-08-13 00:00:00+05:30,68.61989086,68.61989086,65.78607178
2020-08-14 00:00:00+05:30,68.58064591,68.58064591,65.96101379
2020-08-17 00:00:00+05:30,70.19015784,70.19015784,66.20922852
2020-08-18 00:00:00+05:30,75.52899489,75.52899489,66.59099579
2020-08-19 00:00:00+05:30,75.37197469,75.37197469,67.37765503
2020-08-20 00:00:00+05:30,74.27280997,74.27280997,68.37164307
2020-08-21 00:00:00+05:30,80.63230467,80.63230467,69.36326599
2020-08-24 00:00:00+05:30,84.08684569,84.08684569,70.6929245
2020-08-25 00:00:00+05:30,83.22322079,83.22322079,72.38298035
2020-08-26 00:00:00+05:30,82.12403619,82.12403619,74.14395905
2020-08-27 00:00:00+05:30,81.02486082,81.02486082,75.76124573
2020-08-28 00:00:00+05:30,80.98561422,80.98561422,77.10381317
2020-08-31 00:00:00+05:30,80.55378237,80.55378237,78.17433929
2020-09-01 00:00:00+05:30,76.54964924,76.54964924,78.97035217
2020-09-02 00:00:00+05:30,78.35542517,78.35542517,79.27934265
2020-09-03 00:00:00+05:30,77.72733707,77.72733707,79.36645508
2020-09-04 00:00:00+05:30,75.41122619,75.41122619,79.26863861
2020-09-07 00:00:00+05:30,74.4298251,74.4298251,78.91178131
2020-09-08 00:00:00+05:30,73.21287757,73.21287757,78.3477478
2020-09-09 00:00:00+05:30,70.73974854,70.73974854,77.60939789
2020-09-10 00:00:00+05:30,71.44635184,71.44635184,76.64850616
2020-09-11 00:00:00+05:30,70.81824974,70.81824974,75.65062714
2020-09-14 00:00:00+05:30,70.97527902,70.97527902,74.65623474
2020-09-15 00:00:00+05:30,71.36783403,71.36783403,73.74015808
2020-09-16 00:00:00+05:30,74.07209919,74.07209919,72.96083832
2020-09-17 00:00:00+05:30,72.01005229,72.01005229,72.49500275
2020-09-18 00:00:00+05:30,72.0100514,72.0100514,72.13332367
2020-09-21 00:00:00+05:30,73.7082082,73.7082082,71.85878754
2020-09-22 00:00:00+05:30,71.40356647,71.40356647,71.76486206
2020-09-23 00:00:00+05:30,70.8779485,70.8779485,71.64634705
2020-09-24 00:00:00+05:30,68.00724544,68.00724544,71.48138428
2020-09-25 00:00:00+05:30,67.40077577,67.40077577,71.11058044
2020-09-28 00:00:00+05:30,69.22021396,69.22021396,70.58744049
2020-09-29 00:00:00+05:30,71.56528271,71.56528271,70.1155777
2020-09-30 00:00:00+05:30,69.2202188,69.2202188,69.86174774
2020-10-01 00:00:00+05:30,69.38194338,69.38194338,69.62049103
2020-10-05 00:00:00+05:30,68.73503414,68.73503414,69.41133881
2020-10-06 00:00:00+05:30,68.29026659,68.29026659,69.194664
2020-10-07 00:00:00+05:30,68.08810261,68.08810261,68.95753479
2020-10-08 00:00:00+05:30,67.19859707,67.19859707,68.70882416
2020-10-09 00:00:00+05:30,66.99643802,66.99643802,68.41165161
2020-10-12 00:00:00+05:30,67.64334931,67.64334931,68.08864594
2020-10-13 00:00:00+05:30,66.95600751,66.95600751,67.81145477
2020-10-14 00:00:00+05:30,66.95599944,66.95599944,67.53948212
2020-10-15 00:00:00+05:30,63.96399643,63.96399643,67.28834534
2020-10-16 00:00:00+05:30,63.88314314,63.88314314,66.87586975
2020-10-19 00:00:00+05:30,65.46000513,65.46000513,66.37686157
2020-10-20 00:00:00+05:30,66.02606999,66.02606999,65.95503998
2020-10-21 00:00:00+05:30,65.86431876,65.86431876,65.65007019
2020-10-22 00:00:00+05:30,66.55168333,66.55168333,65.43235016
2020-10-23 00:00:00+05:30,69.54368012,69.54368012,65.32941437
2020-10-26 00:00:00+05:30,70.43320371,70.43320371,65.49941254
2020-10-27 00:00:00+05:30,71.8078803,71.8078803,65.89551544
2020-10-28 00:00:00+05:30,72.33350159,72.33350159,66.50071716
2020-10-29 00:00:00+05:30,70.35232174,70.35232174,67.23551941
2020-10-30 00:00:00+05:30,70.27145846,70.27145846,67.87775421
2020-11-02 00:00:00+05:30,71.40356991,71.40356991,68.40795898
2020-11-03 00:00:00+05:30,73.95081949,73.95081949,68.90154266
2020-11-04 00:00:00+05:30,69.66497735,69.66497735,69.50376892
2020-11-05 00:00:00+05:30,69.42237879,69.42237879,69.8661499
2020-11-06 00:00:00+05:30,70.51404763,70.51404763,70.0291214
2020-11-09 00:00:00+05:30,71.68658198,71.68658198,70.1217041
2020-11-10 00:00:00+05:30,72.61653577,72.61653577,70.24053955
2020-11-11 00:00:00+05:30,74.39556053,74.39556053,70.43171692
2020-11-12 00:00:00+05:30,74.71902076,74.71902076,70.77407074
2020-11-13 00:00:00+05:30,72.77826935,72.77826935,71.21564484
2020-11-14 00:00:00+05:30,73.22303235,73.22303235,71.5682373
2020-11-17 00:00:00+05:30,74.19339724,74.19339724,71.86502075
2020-11-18 00:00:00+05:30,71.72701846,71.72701846,72.16773224
2020-11-19 00:00:00+05:30,71.48443141,71.48443141,72.29711151
2020-11-20 00:00:00+05:30,72.98043488,72.98043488,72.28713226
2020-11-23 00:00:00+05:30,75.12334992,75.12334992,72.28311157
2020-11-24 00:00:00+05:30,76.21500351,76.21500351,72.42359161
2020-11-25 00:00:00+05:30,76.37674343,76.37674343,72.72267151
2020-11-26 00:00:00+05:30,75.97242114,75.97242114,73.11738586
2020-11-27 00:00:00+05:30,77.4279854,77.4279854,73.52183533
2020-12-01 00:00:00+05:30,76.57890438,76.57890438,73.99778748
2020-12-02 00:00:00+05:30,76.53846882,76.53846882,74.43474579
2020-12-03 00:00:00+05:30,77.50885556,77.50885556,74.81330872
2020-12-04 00:00:00+05:30,80.21782323,80.21782323,75.19065857
2020-12-07 00:00:00+05:30,80.05609682,80.05609682,75.71775818
2020-12-08 00:00:00+05:30,81.30949838,81.30949838,76.30063629
2020-12-09 00:00:00+05:30,80.25824852,80.25824852,76.9621582
2020-12-10 00:00:00+05:30,79.570906,79.570906,77.56430817
2020-12-11 00:00:00+05:30,79.16657557,79.16657557,78.04211426
2020-12-14 00:00:00+05:30,83.65456513,83.65456513,78.38011169
2020-12-15 00:00:00+05:30,84.98883614,84.98883614,78.8937912
2020-12-16 00:00:00+05:30,86.4848337,86.4848337,79.57991791
2020-12-17 00:00:00+05:30,85.43360699,85.43360699,80.43227386
2020-12-18 00:00:00+05:30,84.54409143,84.54409143,81.27004242
2020-12-21 00:00:00+05:30,83.85672787,83.85672787,81.98330688
2020-12-22 00:00:00+05:30,78.72182896,78.72182896,82.5217514
2020-12-23 00:00:00+05:30,80.09653105,80.09653105,82.57839203
2020-12-24 00:00:00+05:30,80.29870197,80.29870197,82.40174866
2020-12-28 00:00:00+05:30,81.5520826,81.5520826,82.10113525
2020-12-29 00:00:00+05:30,81.26906685,81.26906685,81.82415771
2020-12-30 00:00:00+05:30,80.05609176,80.05609176,81.56684113
2020-12-31 00:00:00+05:30,79.32831723,79.32831723,81.2627182
2021-01-01 00:00:00+05:30,80.82431252,80.82431252,80.90052032
2021-01-04 00:00:00+05:30,80.66258549,80.66258549,80.61979675
2021-01-05 00:00:00+05:30,79.57090876,79.57090876,80.40164948
2021-01-06 00:00:00+05:30,79.24745803,79.24745803,80.16794586
2021-01-07 00:00:00+05:30,79.32830789,79.32830789,79.91670227
2021-01-08 00:00:00+05:30,78.92398487,78.92398487,79.67447662
2021-01-11 00:00:00+05:30,81.47122424,81.47122424,79.42752838
2021-01-12 00:00:00+05:30,80.05609247,80.05609247,79.356987
2021-01-13 00:00:00+05:30,81.06689695,81.06689695,79.31719971
2021-01-14 00:00:00+05:30,83.85673176,83.85673176,79.36323547
2021-01-15 00:00:00+05:30,82.88635194,82.88635194,79.64182281
2021-01-18 00:00:00+05:30,81.22862496,81.22862496,79.99308777
2021-01-19 00:00:00+05:30,79.24743393,79.24743393,80.25958252
2021-01-20 00:00:00+05:30,80.54127385,80.54127385,80.32217407
2021-01-21 00:00:00+05:30,79.8134958,79.8134958,80.32813263
2021-01-22 00:00:00+05:30,77.87274018,77.87274018,80.25156403
2021-01-25 00:00:00+05:30,76.86193893,76.86193893,80.00188446
2021-01-27 00:00:00+05:30,75.20420396,75.20420396,79.59004974
2021-01-28 00:00:00+05:30,73.42519871,73.42519871,78.99330902
2021-01-29 00:00:00+05:30,74.39555311,74.39555311,78.20105743
2021-02-01 00:00:00+05:30,72.25264436,72.25264436,77.39588928
2021-02-02 00:00:00+05:30,75.12333095,75.12333095,76.50059509
2021-02-03 00:00:00+05:30,76.90236478,76.90236478,75.78921509
2021-02-04 00:00:00+05:30,78.68140165,78.68140165,75.36251831
2021-02-05 00:00:00+05:30,81.18818722,81.18818722,75.26592255
2021-02-08 00:00:00+05:30,77.79186399,77.79186399,75.55263519
2021-02-09 00:00:00+05:30,81.18821302,81.18821302,75.85181427
2021-02-10 00:00:00+05:30,80.86473706,80.86473706,76.35083008
2021-02-11 00:00:00+05:30,81.61883047,81.61883047,76.92636108
2021-02-12 00:00:00+05:30,81.535453,81.535453,77.56009674
2021-02-15 00:00:00+05:30,80.40997119,80.40997119,78.18366241
2021-02-16 00:00:00+05:30,79.90975431,79.90975431,78.6858902
2021-02-17 00:00:00+05:30,81.5771387,81.5771387,79.04216766
2021-02-18 00:00:00+05:30,83.11946905,83.11946905,79.38719177
2021-02-19 00:00:00+05:30,86.4125725,86.4125725,79.80462646
2021-02-22 00:00:00+05:30,86.95447461,86.95447461,80.45749664
2021-02-23 00:00:00+05:30,85.16202758,85.16202758,81.26030731
2021-02-24 00:00:00+05:30,87.12121404,87.12121404,81.99282074
2021-02-25 00:00:00+05:30,86.37088363,86.37088363,82.75482178
2021-02-26 00:00:00+05:30,89.28881581,89.28881581,83.43823242
2021-03-01 00:00:00+05:30,91.28968977,91.28968977,84.21315765
2021-03-02 00:00:00+05:30,90.41430821,90.41430821,85.12915802
2021-03-03 00:00:00+05:30,95.41648727,95.41648727,86.02259064
2021-03-04 00:00:00+05:30,92.9570892,92.9570892,87.16531372
2021-03-05 00:00:00+05:30,92.54024481,92.54024481,88.24018097
2021-03-08 00:00:00+05:30,92.24844552,92.24844552,89.17008972
2021-03-09 00:00:00+05:30,92.87371913,92.87371913,89.9237442
2021-03-10 00:00:00+05:30,91.998326,91.998326,90.55316162
2021-03-12 00:00:00+05:30,92.54024604,92.54024604,91.00510406
2021-03-15 00:00:00+05:30,91.66485494,91.66485494,91.34762573
2021-03-16 00:00:00+05:30,92.1650863,92.1650863,91.54180145
2021-03-17 00:00:00+05:30,91.45643634,91.45643634,91.65998077
2021-03-18 00:00:00+05:30,89.53893184,89.53893184,91.67697906
2021-03-19 00:00:00+05:30,85.32877764,85.32877764,91.50350189
2021-03-22 00:00:00+05:30,90.70610516,90.70610516,90.9441452
2021-03-23 00:00:00+05:30,91.70653508,91.70653508,90.51513672
2021-03-24 00:00:00+05:30,90.03914916,90.03914916,90.27084351
2021-03-25 00:00:00+05:30,88.37176173,88.37176173,90.05821228
2021-03-26 00:00:00+05:30,88.16333244,88.16333244,89.77060699
2021-03-30 00:00:00+05:30,88.24671108,88.24671108,89.43662262
2021-03-31 00:00:00+05:30,89.78904456,89.78904456,89.09848785
2021-04-01 00:00:00+05:30,89.62230043,89.62230043,88.87931824
2021-04-05 00:00:00+05:30,89.53892841,89.53892841,88.74259186
2021-04-06 00:00:00+05:30,89.83071712,89.83071712,88.66259766
2021-04-07 00:00:00+05:30,89.12209378,89.12209378,88.6425705
2021-04-08 00:00:00+05:30,88.37176659,88.37176659,88.61624146
2021-04-09 00:00:00+05:30,88.33007835,88.33007835,88.53730774
2021-04-12 00:00:00+05:30,84.62013577,84.62013577,88.42505646
2021-04-13 00:00:00+05:30,83.03610095,83.03610095,88.05831146
2021-04-15 00:00:00+05:30,84.37001576,84.37001576,87.44426727
2021-04-16 00:00:00+05:30,84.95361098,84.95361098,86.7947998
2021-04-19 00:00:00+05:30,83.36959189,83.36959189,86.20586395
2021-04-20 00:00:00+05:30,82.70263261,82.70263261,85.59563446
2021-04-22 00:00:00+05:30,81.74387293,81.74387293,84.96820068
2021-04-23 00:00:00+05:30,81.70219517,81.70219517,84.30849457
2021-04-26 00:00:00+05:30,86.66266984,86.66266984,83.66755676
2021-04-27 00:00:00+05:30,85.07865906,85.07865906,83.40077209
2021-04-28 00:00:00+05:30,85.7456083,85.7456083,83.29820251
2021-04-29 00:00:00+05:30,87.20459366,87.20459366,83.35012054
2021-04-30 00:00:00+05:30,85.24540326,85.24540326,83.59170532
2021-05-03 00:00:00+05:30,84.53676402,84.53676402,83.8136673
2021-05-04 00:00:00+05:30,86.95446874,86.95446874,83.9584198
2021-05-05 00:00:00+05:30,87.32964241,87.32964241,84.19694519
2021-05-06 00:00:00+05:30,87.53807331,87.53807331,84.50706482
2021-05-07 00:00:00+05:30,86.70435934,86.70435934,84.85752869
2021-05-10 00:00:00+05:30,88.37176673,88.37176673,85.15739441
2021-05-11 00:00:00+05:30,90.03915159,90.03915159,85.51122284
2021-05-12 00:00:00+05:30,95.20806964,95.20806964,85.98638916
2021-05-14 00:00:00+05:30,94.99963104,94.99963104,86.84594727
2021-05-17 00:00:00+05:30,92.70697304,92.70697304,87.89118195
2021-05-18 00:00:00+05:30,93.87415384,93.87415384,88.83885193
2021-05-19 00:00:00+05:30,94.3326991,94.3326991,89.73152161
2021-05-20 00:00:00+05:30,93.3739437,93.3739437,90.55860901
2021-05-21 00:00:00+05:30,93.62405164,93.62405164,91.22663879
2021-05-24 00:00:00+05:30,93.66573229,93.66573229,91.76292419
2021-05-25 00:00:00+05:30,94.95796468,94.95796468,92.18209076
2021-05-26 00:00:00+05:30,95.04133861,95.04133861,92.58288574
2021-05-27 00:00:00+05:30,93.04045051,93.04045051,92.95375824
2021-05-28 00:00:00+05:30,91.95666372,91.95666372,93.15253448
2021-05-31 00:00:00+05:30,90.8311591,90.8311591,93.15485382
2021-06-01 00:00:00+05:30,92.49853993,92.49853993,92.95587158
2021-06-02 00:00:00+05:30,91.78990769,91.78990769,92.74720001
2021-06-03 00:00:00+05:30,93.04046373,93.04046373,92.50340271
2021-06-04 00:00:00+05:30,92.95709573,92.95709573,92.33477783
2021-06-07 00:00:00+05:30,93.49898347,93.49898347,92.22273254
2021-06-08 00:00:00+05:30,97.95925723,97.95925723,92.19010162
2021-06-09 00:00:00+05:30,97.12556818,97.12556818,92.50038147
2021-06-10 00:00:00+05:30,99.50159366,99.50159366,92.96296692
2021-06-11 00:00:00+05:30,99.12642861,99.12642861,93.64624023
2021-06-14 00:00:00+05:30,99.04306161,99.04306161,94.40345001
2021-06-15 00:00:00+05:30,98.54284672,98.54284672,95.15062714
2021-06-16 00:00:00+05:30,98.20936324,98.20936324,95.80702209
2021-06-17 00:00:00+05:30,98.54284549,98.54284549,96.33740997
2021-06-18 00:00:00+05:30,97.87588025,97.87588025,96.77172089
2021-06-21 00:00:00+05:30,94.41605846,94.41605846,97.07243347
2021-06-22 00:00:00+05:30,98.79297261,98.79297261,97.04218292
2021-06-23 00:00:00+05:30,99.0847436,99.0847436,97.08087921
2021-06-24 00:00:00+05:30,97.70915464,97.70915464,97.18683624
2021-06-25 00:00:00+05:30,99.29317284,99.29317284,97.24298096
2021-06-28 00:00:00+05:30,97.45905797,97.45905797,97.36537933
2021-06-29 00:00:00+05:30,96.9171449,96.9171449,97.40515137
2021-06-30 00:00:00+05:30,98.25104689,98.25104689,97.35157013
2021-07-01 00:00:00+05:30,97.37567673,97.37567673,97.32647705
2021-07-02 00:00:00+05:30,98.000954,98.000954,97.26615906
2021-07-05 00:00:00+05:30,98.29275054,98.29275054,97.22705841
2021-07-06 00:00:00+05:30,98.45948066,98.45948066,97.22389984
2021-07-07 00:00:00+05:30,97.58409118,97.58409118,97.25546265
2021-07-08 00:00:00+05:30,97.83419609,97.83419609,97.25058746
2021-07-09 00:00:00+05:30,97.54241425,97.54241425,97.2372818
2021-07-12 00:00:00+05:30,98.37610086,98.37610086,97.20020294
2021-07-13 00:00:00+05:30,98.50117615,98.50117615,97.20387268
2021-07-14 00:00:00+05:30,100.0018106,100.0018106,97.24268341
2021-07-15 00:00:00+05:30,100.6687779,100.6687779,97.39945984
2021-07-16 00:00:00+05:30,100.1685579,100.1685579,97.66725159
2021-07-19 00:00:00+05:30,99.29317509,99.29317509,97.95729828
2021-07-20 00:00:00+05:30,101.7108892,101.7108892,98.18436432
2021-07-22 00:00:00+05:30,99.00138816,99.00138816,98.51076508
2021-07-23 00:00:00+05:30,99.54328099,99.54328099,98.70587921
2021-07-26 00:00:00+05:30,98.54283553,98.54283553,98.83533478
2021-07-27 00:00:00+05:30,99.45991425,99.45991425,98.84871674
2021-07-28 00:00:00+05:30,99.66835044,99.66835044,98.84499359
2021-07-29 00:00:00+05:30,98.12600053,98.12600053,98.8456192
2021-07-30 00:00:00+05:30,97.50071932,97.50071932,98.75007629
2021-08-02 00:00:00+05:30,98.87632666,98.87632666,98.5567627
2021-08-03 00:00:00+05:30,98.79296028,98.79296028,98.40167236
2021-08-04 00:00:00+05:30,98.4177882,98.4177882,98.27825928
2021-08-05 00:00:00+05:30,97.58409983,97.58409983,98.15988922
2021-08-06 00:00:00+05:30,97.12556855,97.12556855,97.99812317
2021-08-09 00:00:00+05:30,98.7929601,98.7929601,97.7879715
2021-08-10 00:00:00+05:30,97.45904148,97.45904148,97.66782379
2021-08-11 00:00:00+05:30,95.62490917,95.62490917,97.52921295
2021-08-12 00:00:00+05:30,97.50074205,97.50074205,97.26748657
2021-08-13 00:00:00+05:30,99.58496616,99.58496616,97.06246948
2021-08-16 00:00:00+05:30,98.58453109,98.58453109,97.04496765
2021-08-17 00:00:00+05:30,99.50159698,99.50159698,97.0881958
2021-08-18 00:00:00+05:30,97.87589946,97.87589946,97.22647858
2021-08-20 00:00:00+05:30,96.95883695,96.95883695,97.3115921
2021-08-23 00:00:00+05:30,96.29185936,96.29185936,97.29434967
2021-08-24 00:00:00+05:30,95.20805774,95.20805774,97.16653442
2021-08-25 00:00:00+05:30,95.62490531,95.62490531,96.90415192
2021-08-26 00:00:00+05:30,95.12469466,95.12469466,96.59819031
2021-08-27 00:00:00+05:30,93.95750871,93.95750871,96.25310516
2021-08-30 00:00:00+05:30,94.41604795,94.41604795,95.83040619
2021-08-31 00:00:00+05:30,96.08343821,96.08343821,95.41458893
2021-09-01 00:00:00+05:30,96.70871997,96.70871997,95.13990021
2021-09-02 00:00:00+05:30,95.95838914,95.95838914,95.018013
2021-09-03 00:00:00+05:30,97.54241943,97.54241943,94.95561981
2021-09-06 00:00:00+05:30,98.08432409,98.08432409,95.03717804
2021-09-07 00:00:00+05:30,97.29230415,97.29230415,95.2424469
2021-09-08 00:00:00+05:30,97.56921995,97.56921995,95.46263885
2021-09-09 00:00:00+05:30,97.65491677,97.65491677,95.69382477
2021-09-13 00:00:00+05:30,98.25480821,98.25480821,95.92147827
2021-09-14 00:00:00+05:30,98.76899991,98.76899991,96.17024994
2021-09-15 00:00:00+05:30,99.41177416,99.41177416,96.45013428
2021-09-16 00:00:00+05:30,106.6962449,106.6962449,96.77412415
2021-09-17 00:00:00+05:30,106.3962902,106.3962902,97.5798645
2021-09-20 00:00:00+05:30,107.7243185,107.7243185,98.63382721
2021-09-21 00:00:00+05:30,107.5484484,107.5484484,99.86560822
2021-09-22 00:00:00+05:30,109.571023,109.571023,101.1188812
2021-09-23 00:00:00+05:30,109.7469052,109.7469052,102.4324875
2021-09-24 00:00:00+05:30,111.2418469,111.2418469,103.7099915
2021-09-27 00:00:00+05:30,110.1865833,110.1865833,104.9765091
2021-09-28 00:00:00+05:30,112.1212218,112.1212218,106.0842896
2021-09-29 00:00:00+05:30,115.5508117,115.5508117,107.1413422
2021-09-30 00:00:00+05:30,124.6524281,124.6524281,108.3222885
2021-10-01 00:00:00+05:30,123.9489047,123.9489047,110.1065292
2021-10-04 00:00:00+05:30,126.1473792,126.1473792,112.1290817
2021-10-05 00:00:00+05:30,127.9940751,127.9940751,114.3162766
2021-10-06 00:00:00+05:30,128.7855054,128.7855054,116.5857925
2021-10-07 00:00:00+05:30,126.8069048,126.8069048,118.8092346
2021-10-08 00:00:00+05:30,126.2353249,126.2353249,120.7234955
2021-10-11 00:00:00+05:30,124.8722686,124.8722686,122.2691956
2021-10-12 00:00:00+05:30,128.3898018,128.3898018,123.3827515
2021-10-13 00:00:00+05:30,127.9501058,127.9501058,124.3741226
2021-10-14 00:00:00+05:30,129.7088939,129.7088939,125.1978455
2021-10-18 00:00:00+05:30,133.0065436,133.0065436,125.9776077
2021-10-19 00:00:00+05:30,132.7427326,132.7427326,126.8985214
2021-10-20 00:00:00+05:30,132.4789261,132.4789261,127.8375397
2021-10-21 00:00:00+05:30,129.8847494,129.8847494,128.7092896
2021-10-22 00:00:00+05:30,130.0166582,130.0166582,129.3075256
2021-10-25 00:00:00+05:30,127.2466069,127.2466069,129.6940918
2021-10-26 00:00:00+05:30,127.7742441,127.7742441,129.7348328
2021-10-27 00:00:00+05:30,126.6310277,126.6310277,129.5818176
2021-10-28 00:00:00+05:30,124.2566989,124.2566989,129.2397461
2021-10-29 00:00:00+05:30,115.1990795,115.1990795,128.6427765
2021-11-01 00:00:00+05:30,117.1337103,117.1337103,127.3250198
2021-11-02 00:00:00+05:30,118.7165741,118.7165741,125.747818
2021-11-03 00:00:00+05:30,121.310772,121.310772,124.2138062
2021-11-04 00:00:00+05:30,121.6185438,121.6185438,122.9849777
2021-11-08 00:00:00+05:30,121.9702874,121.9702874,122.0611267
2021-11-09 00:00:00+05:30,123.7730513,123.7730513,121.4204025
2021-11-10 00:00:00+05:30,121.5306034,121.5306034,121.122345
2021-11-11 00:00:00+05:30,120.9150292,120.9150292,120.917717
2021-11-12 00:00:00+05:30,121.5306104,121.5306104,120.7410583
2021-11-15 00:00:00+05:30,120.7391618,120.7391618,120.6299286
2021-11-16 00:00:00+05:30,121.0909303,121.0909303,120.5145874
2021-11-17 00:00:00+05:30,117.837208,117.837208,120.4250183
2021-11-18 00:00:00+05:30,120.1235995,120.1235995,120.1440811
2021-11-22 00:00:00+05:30,118.7165927,118.7165927,119.9041519
2021-11-23 00:00:00+05:30,114.3636561,114.3636561,119.6164932
2021-11-24 00:00:00+05:30,118.2769033,118.2769033,119.0316696
2021-11-25 00:00:00+05:30,119.1562887,119.1562887,118.5455017
2021-11-26 00:00:00+05:30,117.1336997,117.1336997,118.2174606
2021-11-29 00:00:00+05:30,112.385036,112.385036,117.8842545
2021-11-30 00:00:00+05:30,112.3850453,112.3850453,117.2575607
2021-12-01 00:00:00+05:30,114.3196934,114.3196934,116.4768829
2021-12-02 00:00:00+05:30,112.2970934,112.2970934,115.7741394
2021-12-03 00:00:00+05:30,113.1764808,113.1764808,115.0395432
2021-12-06 00:00:00+05:30,111.6815297,111.6815297,114.3900452
2021-12-07 00:00:00+05:30,110.0106995,110.0106995,113.7422638
2021-12-08 00:00:00+05:30,109.7908639,109.7908639,113.0281372
2021-12-09 00:00:00+05:30,111.9013786,111.9013786,112.3018112
2021-12-10 00:00:00+05:30,110.890095,110.890095,111.7528915
2021-12-13 00:00:00+05:30,112.2091579,112.2091579,111.2916641
2021-12-14 00:00:00+05:30,109.9227599,109.9227599,111.0031967
2021-12-15 00:00:00+05:30,110.9340532,110.9340532,110.6970367
2021-12-16 00:00:00+05:30,112.1651957,112.1651957,110.4625092
2021-12-17 00:00:00+05:30,112.033281,112.033281,110.3699951
2021-12-20 00:00:00+05:30,109.4830744,109.4830744,110.3679352
2021-12-21 00:00:00+05:30,108.6476817,108.6476817,110.2575455
2021-12-22 00:00:00+05:30,108.2079787,108.2079787,110.0261765
2021-12-23 00:00:00+05:30,108.2519381,108.2519381,109.7012939
2021-12-24 00:00:00+05:30,109.7468932,109.7468932,109.3400345
2021-12-27 00:00:00+05:30,106.625082,106.625082,109.0777283
2021-12-28 00:00:00+05:30,107.2846311,107.2846311,108.6960449
2021-12-29 00:00:00+05:30,109.5709997,109.5709997,108.3029861
2021-12-30 00:00:00+05:30,108.3838438,108.3838438,108.0783157
2021-12-31 00:00:00+05:30,111.5056679,111.5056679,107.903389
2022-01-03 00:00:00+05:30,110.2745342,110.2745342,107.9753189
2022-01-04 00:00:00+05:30,111.6815533,111.6815533,108.1249161
2022-01-05 00:00:00+05:30,116.6060801,116.6060801,108.4051056
2022-01-06 00:00:00+05:30,116.3862293,116.3862293,109.073204
2022-01-07 00:00:00+05:30,115.4628794,115.4628794,109.9385681
2022-01-10 00:00:00+05:30,116.034471,116.034471,110.8130264
2022-01-11 00:00:00+05:30,116.2103545,116.2103545,111.6694565
2022-01-12 00:00:00+05:30,117.2656083,117.2656083,112.467392
2022-01-13 00:00:00+05:30,118.1889598,118.1889598,113.2429886
2022-01-14 00:00:00+05:30,118.1889597,118.1889597,114.0142288
2022-01-17 00:00:00+05:30,118.408813,118.408813,114.7331772
2022-01-18 00:00:00+05:30,120.1235923,120.1235923,115.3857346
2022-01-19 00:00:00+05:30,117.9251608,117.9251608,116.065239
2022-01-20 00:00:00+05:30,118.2768918,118.2768918,116.5755539
2022-01-21 00:00:00+05:30,117.8811762,117.8811762,116.9640961
2022-01-24 00:00:00+05:30,116.9578342,116.9578342,117.2226486
2022-01-25 00:00:00+05:30,115.3749281,115.3749281,117.3199692
2022-01-27 00:00:00+05:30,118.0130673,118.0130673,117.2029114
2022-01-28 00:00:00+05:30,123.1134975,123.1134975,117.1270523
2022-01-31 00:00:00+05:30,124.8722575,124.8722575,117.4211655
2022-02-01 00:00:00+05:30,126.6310231,126.6310231,118.0580978
2022-02-02 00:00:00+05:30,124.8722589,124.8722589,118.9932175
2022-02-03 00:00:00+05:30,124.4415523,124.4415523,119.9441071
2022-02-04 00:00:00+05:30,123.9890336,123.9890336,120.8090897
2022-02-07 00:00:00+05:30,121.4549601,121.4549601,121.5274124
2022-02-08 00:00:00+05:30,122.5862385,122.5862385,121.9342194
2022-02-09 00:00:00+05:30,122.4504929,122.4504929,122.1835327
2022-02-10 00:00:00+05:30,122.3147309,122.3147309,122.3070145
2022-02-11 00:00:00+05:30,121.6812021,121.6812021,122.3338776
2022-02-14 00:00:00+05:30,121.9074513,121.9074513,122.2566071
2022-02-15 00:00:00+05:30,119.5544119,119.5544119,122.1328278
2022-02-16 00:00:00+05:30,122.0884664,122.0884664,121.8341675
2022-02-17 00:00:00+05:30,121.7264636,121.7264636,121.6069031
2022-02-18 00:00:00+05:30,120.1426612,120.1426612,121.4201355
2022-02-21 00:00:00+05:30,119.825893,119.825893,121.168808
2022-02-22 00:00:00+05:30,118.6041139,118.6041139,120.8698654
2022-02-23 00:00:00+05:30,119.463887,119.463887,120.4788666
2022-02-24 00:00:00+05:30,114.9387302,114.9387302,120.1090546
2022-02-25 00:00:00+05:30,113.1286978,113.1286978,119.4817734
2022-02-28 00:00:00+05:30,116.7035398,116.7035398,118.6066208
2022-03-02 00:00:00+05:30,120.1879209,120.1879209,117.8606949
2022-03-03 00:00:00+05:30,119.5543976,119.5543976,117.4806442
2022-03-04 00:00:00+05:30,119.463887,119.463887,117.3269958
2022-03-07 00:00:00+05:30,116.7488129,116.7488129,117.3240738
2022-03-08 00:00:00+05:30,118.106353,118.106353,117.2389908
2022-03-09 00:00:00+05:30,121.2286949,121.2286949,117.1900177
2022-03-10 00:00:00+05:30,120.2784076,120.2784076,117.3714142
2022-03-11 00:00:00+05:30,120.2784077,120.2784077,117.6304474
2022-03-14 00:00:00+05:30,119.4186444,119.4186444,117.9214401
2022-03-15 00:00:00+05:30,118.8303757,118.8303757,118.1562195
2022-03-16 00:00:00+05:30,119.8258962,119.8258962,118.2986145
2022-03-17 00:00:00+05:30,120.8214427,120.8214427,118.4358292
2022-03-21 00:00:00+05:30,120.2784195,120.2784195,118.6270828
2022-03-22 00:00:00+05:30,120.6404377,120.6404377,118.8069153
2022-03-23 00:00:00+05:30,120.2784075,120.2784075,118.9912949
2022-03-24 00:00:00+05:30,120.8214422,120.8214422,119.1431656
2022-03-25 00:00:00+05:30,123.0840075,123.0840075,119.2993469
2022-03-28 00:00:00+05:30,122.6315038,122.6315038,119.5971069
2022-03-29 00:00:00+05:30,122.1789695,122.1789695,119.9398117
2022-03-30 00:00:00+05:30,122.1789736,122.1789736,120.2590714
2022-03-31 00:00:00+05:30,121.5454601,121.5454601,120.5408859
2022-04-01 00:00:00+05:30,124.8940692,124.8940692,120.7375717
2022-04-04 00:00:00+05:30,128.3784446,128.3784446,121.0851135
2022-04-05 00:00:00+05:30,131.5912905,131.5912905,121.7398071
2022-04-06 00:00:00+05:30,136.0711903,136.0711903,122.7658081
2022-04-07 00:00:00+05:30,138.4242586,138.4242586,124.2625961
2022-04-08 00:00:00+05:30,140.1890671,140.1890671,126.1233826
2022-04-11 00:00:00+05:30,137.9717354,137.9717354,128.2129059
2022-04-12 00:00:00+05:30,138.1980081,138.1980081,130.163269
2022-04-13 00:00:00+05:30,138.5147485,138.5147485,131.9028625
2022-04-18 00:00:00+05:30,140.1890873,140.1890873,133.4083099
2022-04-19 00:00:00+05:30,149.2393813,149.2393813,134.7724609
2022-04-20 00:00:00+05:30,146.7505412,146.7505412,136.5561066
2022-04-21 00:00:00+05:30,146.252782,146.252782,138.3388214
2022-04-22 00:00:00+05:30,145.9360014,145.9360014,139.9697266
2022-04-25 00:00:00+05:30,143.5376743,143.5376743,141.3712006
2022-04-26 00:00:00+05:30,142.6326533,142.6326533,142.3708496
2022-04-27 00:00:00+05:30,141.9086052,141.9086052,142.9821625
2022-04-28 00:00:00+05:30,142.9946709,142.9946709,143.253891
2022-04-29 00:00:00+05:30,145.1667373,145.1667373,143.3616638
2022-05-02 00:00:00+05:30,139.9175498,139.9175498,143.5040588
2022-05-04 00:00:00+05:30,142.9946374,142.9946374,143.3171539
2022-05-05 00:00:00+05:30,144.4427053,144.4427053,143.1308594
2022-05-06 00:00:00+05:30,141.5918608,141.5918608,143.0558929
2022-05-09 00:00:00+05:30,143.8544345,143.8544345,142.8721771
2022-05-10 00:00:00+05:30,143.8544162,143.8544162,142.7777557
2022-05-11 00:00:00+05:30,139.4198001,139.4198001,142.7482758
2022-05-12 00:00:00+05:30,136.7499512,136.7499512,142.4690857
2022-05-13 00:00:00+05:30,135.7544193,135.7544193,141.8654175
2022-05-16 00:00:00+05:30,129.7812252,129.7812252,141.0222015
2022-05-17 00:00:00+05:30,133.4918662,133.4918662,139.6851807
2022-05-18 00:00:00+05:30,136.2069401,136.2069401,138.3582611
2022-05-19 00:00:00+05:30,133.4918517,133.4918517,137.3097382
2022-05-20 00:00:00+05:30,136.6142071,136.6142071,136.3381042
2022-05-23 00:00:00+05:30,139.7365424,139.7365424,135.6856842
2022-05-24 00:00:00+05:30,135.8901834,135.8901834,135.4909821
2022-05-25 00:00:00+05:30,134.3063801,134.3063801,135.3536835
2022-05-26 00:00:00+05:30,138.605255,138.605255,135.1522217
2022-05-27 00:00:00+05:30,140.2795847,140.2795847,135.2005615
2022-05-30 00:00:00+05:30,135.7996421,135.7996421,135.5194244
2022-05-31 00:00:00+05:30,136.7499766,136.7499766,135.6975708
2022-06-01 00:00:00+05:30,141.5918645,141.5918645,135.8299561
2022-06-02 00:00:00+05:30,140.7321037,140.7321037,136.242218
2022-06-03 00:00:00+05:30,143.8996895,143.8996895,136.7560272
2022-06-06 00:00:00+05:30,141.0036098,141.0036098,137.5108948
2022-06-07 00:00:00+05:30,140.4605742,140.4605742,138.1821899
2022-06-08 00:00:00+05:30,141.2751276,141.2751276,138.7155762
2022-06-09 00:00:00+05:30,140.5510764,140.5510764,139.1759338
2022-06-10 00:00:00+05:30,139.4650505,139.4650505,139.5110779
2022-06-13 00:00:00+05:30,139.3745206,139.3745206,139.6713409
2022-06-14 00:00:00+05:30,134.7588802,134.7588802,139.7018738
2022-06-15 00:00:00+05:30,138.0622465,138.0622465,139.3426819
2022-06-16 00:00:00+05:30,135.8449315,135.8449315,138.9708252
2022-06-17 00:00:00+05:30,127.6996666,127.6996666,138.4734192
2022-06-20 00:00:00+05:30,127.111401,127.111401,137.3916321
2022-06-21 00:00:00+05:30,125.0750729,125.0750729,135.9589539
2022-06-22 00:00:00+05:30,126.6588716,126.6588716,134.2606049
2022-06-23 00:00:00+05:30,124.8035653,124.8035653,132.6085358
2022-06-24 00:00:00+05:30,124.8035798,124.8035798,130.9788666
2022-06-27 00:00:00+05:30,124.2152937,124.2152937,129.4729767
2022-06-28 00:00:00+05:30,125.3466024,125.3466024,128.1092377
2022-06-29 00:00:00+05:30,124.7130695,124.7130695,127.0015488
2022-06-30 00:00:00+05:30,128.7856954,128.7856954,126.0915146
2022-07-01 00:00:00+05:30,128.5141919,128.5141919,125.6351166
2022-07-04 00:00:00+05:30,126.1158766,126.1158766,125.4867325
2022-07-05 00:00:00+05:30,127.9711667,127.9711667,125.3877411
2022-07-06 00:00:00+05:30,128.061681,128.061681,125.443306
2022-07-07 00:00:00+05:30,126.7041287,126.7041287,125.5995789
2022-07-08 00:00:00+05:30,127.6091875,127.6091875,125.7198639
2022-07-11 00:00:00+05:30,130.3242524,130.3242524,125.8656845
2022-07-12 00:00:00+05:30,130.3695094,130.3695094,126.1969604
2022-07-13 00:00:00+05:30,133.7181004,133.7181004,126.6322937
2022-07-14 00:00:00+05:30,134.8493993,134.8493993,127.3272781
2022-07-15 00:00:00+05:30,134.3516115,134.3516115,128.2219086
2022-07-18 00:00:00+05:30,137.0214488,137.0214488,129.1545868
2022-07-19 00:00:00+05:30,135.5734218,135.5734218,130.2244263
2022-07-20 00:00:00+05:30,137.6549958,137.6549958,131.2176666
2022-07-21 00:00:00+05:30,136.6594458,136.6594458,132.230835
2022-07-22 00:00:00+05:30,136.6594359,136.6594359,133.1250153
2022-07-25 00:00:00+05:30,135.0304053,135.0304053,133.8822327
2022-07-26 00:00:00+05:30,135.7544098,135.7544098,134.393158
2022-07-27 00:00:00+05:30,135.347146,135.347146,134.7579651
2022-07-28 00:00:00+05:30,135.7996859,135.7996859,134.9790344
2022-07-29 00:00:00+05:30,136.6141964,136.6141964,135.124054
2022-08-01 00:00:00+05:30,138.3790187,138.3790187,135.2662354
2022-08-02 00:00:00+05:30,142.1801564,142.1801564,135.5161133
2022-08-03 00:00:00+05:30,144.8499809,144.8499809,136.0730743
2022-08-04 00:00:00+05:30,144.533204,144.533204,136.9725952
2022-08-05 00:00:00+05:30,139.7365397,139.7365397,138.0155182
2022-08-08 00:00:00+05:30,140.7320789,140.7320789,138.7623749
2022-08-10 00:00:00+05:30,144.7228974,144.7228974,139.3262329
2022-08-11 00:00:00+05:30,144.077224,144.077224,139.9962158
2022-08-12 00:00:00+05:30,141.7712434,141.7712434,140.6514435
2022-08-16 00:00:00+05:30,146.6599034,146.6599034,141.1017761
2022-08-17 00:00:00+05:30,146.659918,146.659918,141.7111359
2022-08-18 00:00:00+05:30,148.9197838,148.9197838,142.3872375
2022-08-19 00:00:00+05:30,148.5508309,148.5508309,143.2126617
2022-08-22 00:00:00+05:30,145.0918726,145.0918726,144.0571289
2022-08-23 00:00:00+05:30,144.3077978,144.3077978,144.6276093
2022-08-24 00:00:00+05:30,146.5676877,146.5676877,144.9265747
2022-08-25 00:00:00+05:30,148.8275226,148.8275226,145.1777954
2022-08-26 00:00:00+05:30,146.6599068,146.6599068,145.5339355
2022-08-29 00:00:00+05:30,149.2426244,149.2426244,145.7946014
2022-08-30 00:00:00+05:30,149.2426119,149.2426119,146.1467743
2022-09-01 00:00:00+05:30,148.9658806,148.9658806,146.5367432
2022-09-02 00:00:00+05:30,150.3494639,150.3494639,146.9072723
2022-09-05 00:00:00+05:30,149.9805435,149.9805435,147.3315277
2022-09-06 00:00:00+05:30,152.932169,152.932169,147.7383423
2022-09-07 00:00:00+05:30,155.42263,155.42263,148.3019562
2022-09-08 00:00:00+05:30,154.9614177,154.9614177,149.0968018
2022-09-09 00:00:00+05:30,154.6385874,154.6385874,149.9597473
2022-09-12 00:00:00+05:30,154.4540921,154.4540921,150.7865906
2022-09-13 00:00:00+05:30,153.9929171,153.9929171,151.5205383
2022-09-14 00:00:00+05:30,152.1942629,152.1942629,152.1131744
2022-09-15 00:00:00+05:30,160.8647226,160.8647226,152.4543762
2022-09-16 00:00:00+05:30,160.449643,160.449643,153.1850128
2022-09-19 00:00:00+05:30,160.034581,160.034581,154.0994568
2022-09-20 00:00:00+05:30,158.5587311,158.5587311,155.0463867
2022-09-21 00:00:00+05:30,157.728591,157.728591,155.8515778
2022-09-22 00:00:00+05:30,154.0390221,154.0390221,156.4531403
2022-09-23 00:00:00+05:30,154.1773818,154.1773818,156.6354065
2022-09-26 00:00:00+05:30,149.8421607,149.8421607,156.5405273
2022-09-27 00:00:00+05:30,147.0288775,147.0288775,155.9856262
2022-09-28 00:00:00+05:30,145.5530535,145.5530535,154.9827271
2022-09-29 00:00:00+05:30,146.4292916,146.4292916,153.6593323
2022-09-30 00:00:00+05:30,147.5823024,147.5823024,152.2769623
2022-10-03 00:00:00+05:30,147.4439567,147.4439567,151.0292969
2022-10-04 00:00:00+05:30,149.3809632,149.3809632,149.9470062
2022-10-06 00:00:00+05:30,151.502464,151.502464,149.173645
2022-10-07 00:00:00+05:30,150.4417195,150.4417195,148.7935791
2022-10-10 00:00:00+05:30,150.0727518,150.0727518,148.6235504
2022-10-11 00:00:00+05:30,151.6408233,151.6408233,148.5727539
2022-10-12 00:00:00+05:30,149.3348467,149.3348467,148.702301
2022-10-13 00:00:00+05:30,152.0558981,152.0558981,148.7850342
2022-10-14 00:00:00+05:30,153.3472259,153.3472259,149.008194
2022-10-17 00:00:00+05:30,152.2864992,152.2864992,149.3932343
2022-10-18 00:00:00+05:30,155.8376834,155.8376834,149.787674
2022-10-19 00:00:00+05:30,153.577829,153.577829,150.3961487
2022-10-20 00:00:00+05:30,151.2718588,151.2718588,150.9544983
2022-10-21 00:00:00+05:30,154.5002229,154.5002229,151.2880707
2022-10-24 00:00:00+05:30,153.9929047,153.9929047,151.6652069
2022-10-25 00:00:00+05:30,154.4541015,154.4541015,152.0141907
2022-10-27 00:00:00+05:30,156.7139544,156.7139544,152.3534698
2022-10-28 00:00:00+05:30,157.4057528,157.4057528,152.815155
2022-10-31 00:00:00+05:30,156.7139614,156.7139614,153.3738708
2022-11-01 00:00:00+05:30,160.4957589,160.4957589,153.9134216
2022-11-02 00:00:00+05:30,167.7826239,167.7826239,154.6552887
2022-11-03 00:00:00+05:30,165.4305326,165.4305326,155.9662933
2022-11-04 00:00:00+05:30,165.1538202,165.1538202,157.4077606
2022-11-07 00:00:00+05:30,164.0469423,164.0469423,158.8165894
2022-11-09 00:00:00+05:30,163.9547214,163.9547214,160.0326233
2022-11-10 00:00:00+05:30,160.0345647,160.0345647,161.0330658
2022-11-11 00:00:00+05:30,159.5733525,159.5733525,161.5647278
2022-11-14 00:00:00+05:30,158.9738051,158.9738051,161.7245941
2022-11-15 00:00:00+05:30,158.9277002,158.9277002,161.5944519
2022-11-16 00:00:00+05:30,158.7432164,158.7432164,161.285202
2022-11-17 00:00:00+05:30,156.7600654,156.7600654,160.8721161
2022-11-18 00:00:00+05:30,155.4687508,155.4687508,160.2907257
2022-11-21 00:00:00+05:30,152.1942627,152.1942627,159.5542603
2022-11-22 00:00:00+05:30,152.4248555,152.4248555,158.5493469
2022-11-23 00:00:00+05:30,154.8230323,154.8230323,157.4515533
2022-11-24 00:00:00+05:30,155.6070717,155.6070717,156.5269318
2022-11-25 00:00:00+05:30,157.0367867,157.0367867,155.8314056
2022-11-28 00:00:00+05:30,156.8061903,156.8061903,155.427124
2022-11-29 00:00:00+05:30,157.7285708,157.7285708,155.2234497
2022-11-30 00:00:00+05:30,156.89844,156.89844,155.2224121
2022-12-01 00:00:00+05:30,160.0345582,160.0345582,155.2953491
2022-12-02 00:00:00+05:30,159.0199345,159.0199345,155.616394
2022-12-05 00:00:00+05:30,159.6194789,159.6194789,156.0091553
2022-12-06 00:00:00+05:30,161.9715643,161.9715643,156.4597321
2022-12-07 00:00:00+05:30,160.5880106,160.5880106,157.0726318
2022-12-08 00:00:00+05:30,158.5126277,158.5126277,157.6583099
2022-12-09 00:00:00+05:30,157.913045,157.913045,158.0475006
2022-12-12 00:00:00+05:30,156.8061989,156.8061989,158.2409821
2022-12-13 00:00:00+05:30,156.5756001,156.5756001,158.22052
2022-12-14 00:00:00+05:30,156.7600621,156.7600621,158.0479126
2022-12-15 00:00:00+05:30,158.6509805,158.6509805,157.8022156
2022-12-16 00:00:00+05:30,158.5587286,158.5587286,157.6536865
2022-12-19 00:00:00+05:30,156.6217281,156.6217281,157.5753632
2022-12-20 00:00:00+05:30,157.8669315,157.8669315,157.4204102
2022-12-21 00:00:00+05:30,156.8061996,156.8061996,157.3076477
2022-12-22 00:00:00+05:30,155.4226014,155.4226014,157.1595612
2022-12-23 00:00:00+05:30,151.5485657,151.5485657,156.9058228
2022-12-26 00:00:00+05:30,149.4270772,149.4270772,156.3418121
2022-12-27 00:00:00+05:30,154.0390268,154.0390268,155.4706268
2022-12-28 00:00:00+05:30,152.1942653,152.1942653,154.7632294
2022-12-29 00:00:00+05:30,152.1942747,152.1942747,154.0918579
2022-12-30 00:00:00+05:30,153.8084427,153.8084427,153.4898071
2023-01-02 00:00:00+05:30,154.0851586,154.0851586,153.0801697
2023-01-03 00:00:00+05:30,154.9614184,154.9614184,152.8418427
2023-01-04 00:00:00+05:30,154.8230765,154.8230765,152.7882233
2023-01-05 00:00:00+05:30,154.9614094,154.9614094,152.8478699
2023-01-06 00:00:00+05:30,157.2212815,157.2212815,152.9842987
2023-01-09 00:00:00+05:30,157.0367876,157.0367876,153.3097229
2023-01-10 00:00:00+05:30,157.1751497,157.1751497,153.723938
2023-01-11 00:00:00+05:30,155.376479,155.376479,154.1761627
2023-01-12 00:00:00+05:30,153.9467933,153.9467933,154.5020599
2023-01-13 00:00:00+05:30,153.3011334,153.3011334,154.6270142
2023-01-16 00:00:00+05:30,155.5609748,155.5609748,154.5689392
2023-01-17 00:00:00+05:30,153.6700877,153.6700877,154.5463409
2023-01-18 00:00:00+05:30,154.5002326,154.5002326,154.4260254
2023-01-19 00:00:00+05:30,157.1751453,157.1751453,154.3061676
2023-01-20 00:00:00+05:30,156.7139506,156.7139506,154.3738403
2023-01-23 00:00:00+05:30,156.2527623,156.2527623,154.5310059
2023-01-24 00:00:00+05:30,154.2234923,154.2234923,154.7053528
2023-01-25 00:00:00+05:30,153.1166281,153.1166281,154.7431946
2023-01-27 00:00:00+05:30,153.347234,153.347234,154.6140442
2023-01-30 00:00:00+05:30,154.5924813,154.5924813,154.3991089
2023-01-31 00:00:00+05:30,156.6678484,156.6678484,154.2261047
2023-02-01 00:00:00+05:30,158.8815588,158.8815588,154.231781
2023-02-02 00:00:00+05:30,156.80619,156.80619,154.5027161
2023-02-03 00:00:00+05:30,155.6978164,155.6978164,154.7917023
2023-02-06 00:00:00+05:30,155.6977918,155.6977918,154.9970703
2023-02-07 00:00:00+05:30,157.5907831,157.5907831,155.1317444
2023-02-08 00:00:00+05:30,156.7389573,156.7389573,155.3362427
2023-02-09 00:00:00+05:30,157.070211,157.070211,155.5170746
2023-02-10 00:00:00+05:30,156.2657059,156.2657059,155.6923981
2023-02-13 00:00:00+05:30,156.2656949,156.2656949,155.7991486
2023-02-14 00:00:00+05:30,159.4837564,159.4837564,155.8538361
2023-02-15 00:00:00+05:30,157.117518,157.117518,156.0852203
2023-02-16 00:00:00+05:30,157.1175299,157.1175299,156.261261
2023-02-17 00:00:00+05:30,158.0639971,158.0639971,156.3885651
2023-02-20 00:00:00+05:30,158.7265524,158.7265524,156.5380249
2023-02-21 00:00:00+05:30,160.0043389,160.0043389,156.7365112
2023-02-22 00:00:00+05:30,163.6956554,163.6956554,157.0393524
2023-02-23 00:00:00+05:30,161.8026875,161.8026875,157.6362457
2023-02-24 00:00:00+05:30,161.1401377,161.1401377,158.2605286
2023-02-27 00:00:00+05:30,161.9919502,161.9919502,158.8148041
2023-02-28 00:00:00+05:30,163.5536875,163.5536875,159.3410034
2023-03-01 00:00:00+05:30,161.8026701,161.8026701,159.9173889
2023-03-02 00:00:00+05:30,162.9857721,162.9857721,160.3722076
2023-03-03 00:00:00+05:30,162.7964946,162.7964946,160.7957611
2023-03-06 00:00:00+05:30,163.6483211,163.6483211,161.1589203
2023-03-08 00:00:00+05:30,166.2984971,166.2984971,161.5160217
2023-03-09 00:00:00+05:30,168.8540359,168.8540359,162.0231934
2023-03-10 00:00:00+05:30,168.4754419,168.4754419,162.7667542
2023-03-13 00:00:00+05:30,171.5988644,171.5988644,163.5909424
2023-03-14 00:00:00+05:30,169.0906362,169.0906362,164.6200409
2023-03-15 00:00:00+05:30,169.8478326,169.8478326,165.5462341
2023-03-16 00:00:00+05:30,168.6647261,168.6647261,166.3915253
2023-03-17 00:00:00+05:30,171.9774463,171.9774463,167.0475311
2023-03-20 00:00:00+05:30,168.0495228,168.0495228,167.7572784
2023-03-21 00:00:00+05:30,167.3869582,167.3869582,168.1946564
2023-03-22 00:00:00+05:30,168.2861438,168.2861438,168.3809204
2023-03-23 00:00:00+05:30,164.7367817,164.7367817,168.4520111
2023-03-24 00:00:00+05:30,165.8252737,165.8252737,168.2090912
2023-03-27 00:00:00+05:30,163.4116907,163.4116907,167.8514404
2023-03-28 00:00:00+05:30,162.1812648,162.1812648,167.2846069
2023-03-29 00:00:00+05:30,163.4116843,163.4116843,166.5388489
2023-03-31 00:00:00+05:30,165.4466863,165.4466863,165.8094788
2023-04-03 00:00:00+05:30,166.2038551,166.2038551,165.277298
2023-04-05 00:00:00+05:30,168.7593805,168.7593805,164.9616394
2023-04-06 00:00:00+05:30,166.9610275,166.9610275,164.9786224
2023-04-10 00:00:00+05:30,166.4404728,166.4404728,165.090683
2023-04-11 00:00:00+05:30,168.5700989,168.5700989,165.2188416
2023-04-12 00:00:00+05:30,168.4754357,168.4754357,165.4873047
2023-04-13 00:00:00+05:30,166.5824445,166.5824445,165.8215942
2023-04-17 00:00:00+05:30,163.127784,163.127784,166.048645
2023-04-18 00:00:00+05:30,160.9034988,160.9034988,165.9580841
2023-04-19 00:00:00+05:30,159.7203962,159.7203962,165.5162354
2023-04-20 00:00:00+05:30,158.1586692,158.1586692,164.7961884
2023-04-21 00:00:00+05:30,160.5722099,160.5722099,163.841095
2023-04-24 00:00:00+05:30,159.4837577,159.4837577,162.9598694
2023-04-25 00:00:00+05:30,162.1339365,162.1339365,162.1174927
2023-04-26 00:00:00+05:30,161.9446343,161.9446343,161.5348358
2023-04-27 00:00:00+05:30,160.9034944,160.9034944,161.1494293
2023-04-28 00:00:00+05:30,162.7018234,162.7018234,160.8482056
2023-05-02 00:00:00+05:30,163.4117119,163.4117119,160.7389069
2023-05-03 00:00:00+05:30,166.2038432,166.2038432,160.807724
2023-05-04 00:00:00+05:30,167.008352,167.008352,161.1722717
2023-05-05 00:00:00+05:30,166.9137082,166.9137082,161.7580261
2023-05-08 00:00:00+05:30,165.4466734,165.4466734,162.4406738
2023-05-09 00:00:00+05:30,167.7182451,167.7182451,163.0402222
2023-05-10 00:00:00+05:30,166.58246,166.58246,163.6941833
2023-05-11 00:00:00+05:30,168.0968197,168.0968197,164.2641144
2023-05-12 00:00:00+05:30,169.5165856,169.5165856,164.8419037
2023-05-15 00:00:00+05:30,164.6894708,164.6894708,165.4820404
2023-05-16 00:00:00+05:30,167.434261,167.434261,165.7995605
2023-05-17 00:00:00+05:30,167.9548679,167.9548679,166.0673828
2023-05-18 00:00:00+05:30,167.5289643,167.5289643,166.3217163
2023-05-19 00:00:00+05:30,165.6359794,165.6359794,166.524353
2023-05-22 00:00:00+05:30,164.0269228,164.0269228,166.5548096
2023-05-23 00:00:00+05:30,165.5886473,165.5886473,166.3639679
2023-05-24 00:00:00+05:30,164.6894745,164.6894745,166.1461334
2023-05-25 00:00:00+05:30,165.5886226,165.5886226,165.867569
2023-05-26 00:00:00+05:30,165.63595,165.63595,165.6293488
2023-05-29 00:00:00+05:30,165.5886252,165.5886252,165.4377899
2023-05-30 00:00:00+05:30,167.5289407,167.5289407,165.2867737
2023-05-31 00:00:00+05:30,167.5289266,167.5289266,165.3013306
2023-06-01 00:00:00+05:30,164.3108728,164.3108728,165.4230499
2023-06-02 00:00:00+05:30,166.487807,166.487807,165.3909302
2023-06-05 00:00:00+05:30,166.3931508,166.3931508,165.4028473
2023-06-06 00:00:00+05:30,165.1627205,165.1627205,165.4362183
2023-06-07 00:00:00+05:30,166.5351331,166.5351331,165.3992615
2023-06-08 00:00:00+05:30,169.1852772,169.1852772,165.4097137
2023-06-09 00:00:00+05:30,174.1543717,174.1543717,165.627594
2023-06-12 00:00:00+05:30,173.0186088,173.0186088,166.2991943
2023-06-13 00:00:00+05:30,176.0473576,176.0473576,167.1476898
2023-06-14 00:00:00+05:30,175.4321361,175.4321361,168.2549133
2023-06-15 00:00:00+05:30,176.9938501,176.9938501,169.4137421
2023-06-16 00:00:00+05:30,176.8992124,176.8992124,170.630249
2023-06-19 00:00:00+05:30,178.1296566,178.1296566,171.7949982
2023-06-20 00:00:00+05:30,176.0473501,176.0473501,172.9293365
2023-06-21 00:00:00+05:30,177.4670868,177.4670868,173.8287659
2023-06-22 00:00:00+05:30,177.4671136,177.4671136,174.6098785
2023-06-23 00:00:00+05:30,174.6749496,174.6749496,175.2634583
2023-06-26 00:00:00+05:30,177.3724382,177.3724382,175.6056519
2023-06-27 00:00:00+05:30,175.0062073,175.0062073,175.9037781
2023-06-28 00:00:00+05:30,176.0946901,176.0946901,175.998291
2023-06-30 00:00:00+05:30,178.0349892,178.0349892,176.0285339
2023-07-03 00:00:00+05:30,179.8333198,179.8333198,176.1469116
2023-07-04 00:00:00+05:30,180.8744647,180.8744647,176.4376831
2023-07-05 00:00:00+05:30,183.6192768,183.6192768,176.8925323
2023-07-06 00:00:00+05:30,183.1460412,183.1460412,177.6075897
2023-07-07 00:00:00+05:30,186.2221217,186.2221217,178.4120789
2023-07-10 00:00:00+05:30,182.3415161,182.3415161,179.4249115
2023-07-11 00:00:00+05:30,182.3415117,182.3415117,180.2440033
2023-07-12 00:00:00+05:30,183.3826612,183.3826612,180.8786621
2023-07-13 00:00:00+05:30,181.5370122,181.5370122,181.4189758
2023-07-14 00:00:00+05:30,177.8930302,177.8930302,181.7388153
2023-07-17 00:00:00+05:30,178.3662696,178.3662696,181.6503906
2023-07-18 00:00:00+05:30,176.9938413,176.9938413,181.3342285
2023-07-19 00:00:00+05:30,180.7798381,180.7798381,180.8017731
2023-07-20 00:00:00+05:30,182.3888449,182.3888449,180.4204254
2023-07-21 00:00:00+05:30,182.4834984,182.4834984,180.2749634
2023-07-24 00:00:00+05:30,185.0390271,185.0390271,180.3017883
2023-07-25 00:00:00+05:30,185.9855195,185.9855195,180.6098328
2023-07-26 00:00:00+05:30,190.7179824,190.7179824,181.1428528
2023-07-27 00:00:00+05:30,190.9546255,190.9546255,182.1019745
2023-07-28 00:00:00+05:30,191.0492555,191.0492555,183.2889404
2023-07-31 00:00:00+05:30,200.8454368,200.8454368,184.5479126
2023-08-01 00:00:00+05:30,207.8021362,207.8021362,186.4240875
2023-08-02 00:00:00+05:30,213.0078403,213.0078403,189.0456085
2023-08-03 00:00:00+05:30,207.3762322,207.3762322,192.3280945
2023-08-04 00:00:00+05:30,209.8370922,209.8370922,195.4370422
2023-08-07 00:00:00+05:30,207.9441098,207.9441098,198.382431
2023-08-08 00:00:00+05:30,208.5119998,208.5119998,200.8906555
2023-08-09 00:00:00+05:30,206.7610121,206.7610121,202.983017
2023-08-10 00:00:00+05:30,207.4708531,207.4708531,204.5480652
2023-08-11 00:00:00+05:30,206.2470441,206.2470441,205.7172699
2023-08-14 00:00:00+05:30,204.7114769,204.7114769,206.4738312
2023-08-16 00:00:00+05:30,204.375574,204.375574,206.8138275
2023-08-17 00:00:00+05:30,210.6138369,210.6138369,206.8431854
2023-08-18 00:00:00+05:30,207.1108055,207.1108055,207.0945282
2023-08-21 00:00:00+05:30,208.4544389,208.4544389,207.2430115
2023-08-22 00:00:00+05:30,210.4218914,210.4218914,207.4076691
2023-08-23 00:00:00+05:30,213.9249182,213.9249182,207.7047424
2023-08-24 00:00:00+05:30,213.0611631,213.0611631,208.3044586
2023-08-25 00:00:00+05:30,212.9172162,212.9172162,209.0020294
2023-08-28 00:00:00+05:30,209.126252,209.126252,209.7043304
2023-08-29 00:00:00+05:30,210.3738978,210.3738978,210.1032867
2023-08-30 00:00:00+05:30,213.0611555,213.0611555,210.359375
2023-08-31 00:00:00+05:30,212.7252446,212.7252446,210.685791
2023-09-01 00:00:00+05:30,209.0782724,209.0782724,211.0146942
2023-09-04 00:00:00+05:30,224.290047,224.290047,211.0778046
2023-09-05 00:00:00+05:30,227.3612025,227.3612025,211.9905853
2023-09-06 00:00:00+05:30,226.0175822,226.0175822,213.6055298
2023-09-07 00:00:00+05:30,223.6182663,223.6182663,215.4783783
2023-09-08 00:00:00+05:30,226.4974509,226.4974509,217.2250824
2023-09-11 00:00:00+05:30,233.7914367,233.7914367,218.960495
2023-09-12 00:00:00+05:30,234.367277,234.367277,221.0623169
2023-09-13 00:00:00+05:30,226.5934101,226.5934101,223.2994537
2023-09-14 00:00:00+05:30,228.3689423,228.3689423,224.9456177
2023-09-15 00:00:00+05:30,226.1135599,226.1135599,226.2151031
2023-09-18 00:00:00+05:30,227.4571987,227.4571987,227.0010986
2023-09-20 00:00:00+05:30,231.7759964,231.7759964,227.5146637
2023-09-21 00:00:00+05:30,230.384404,230.384404,228.1139679
2023-09-22 00:00:00+05:30,228.9927788,228.9927788,228.6397095
2023-09-25 00:00:00+05:30,229.5206056,229.5206056,228.9916382
2023-09-26 00:00:00+05:30,230.0964425,230.0964425,229.2440033
2023-09-27 00:00:00+05:30,230.2404288,230.2404288,229.4546356
2023-09-28 00:00:00+05:30,229.9525152,229.9525152,229.6347351
2023-09-29 00:00:00+05:30,229.9045233,229.9045233,229.7639923
2023-10-03 00:00:00+05:30,234.511257,234.511257,229.8484192
2023-10-04 00:00:00+05:30,231.2961265,231.2961265,230.2100525
2023-10-05 00:00:00+05:30,227.6971139,227.6971139,230.5095673
2023-10-06 00:00:00+05:30,224.8179238,224.8179238,230.5039978
2023-10-09 00:00:00+05:30,224.4340357,224.4340357,230.1036377
2023-10-10 00:00:00+05:30,225.441739,225.441739,229.4470978
2023-10-11 00:00:00+05:30,226.7373973,226.7373973,228.7379303
2023-10-12 00:00:00+05:30,229.3286723,229.3286723,228.1327209
2023-10-13 00:00:00+05:30,230.8642458,230.8642458,227.8136139
2023-10-16 00:00:00+05:30,233.071644,233.071644,227.8070526
2023-10-17 00:00:00+05:30,234.9910991,234.9910991,228.1529999
2023-10-18 00:00:00+05:30,235.9988198,235.9988198,228.8325195
2023-10-19 00:00:00+05:30,230.5283331,230.5283331,229.7480011
2023-10-20 00:00:00+05:30,229.3286677,229.3286677,230.3801422
2023-10-23 00:00:00+05:30,231.1041725,231.1041725,230.7001495
2023-10-25 00:00:00+05:30,226.4974628,226.4974628,230.9134064
2023-10-26 00:00:00+05:30,221.5548251,221.5548251,230.7315521
2023-10-27 00:00:00+05:30,222.6585164,222.6585164,229.9728394
2023-10-30 00:00:00+05:30,227.8890597,227.8890597,228.967514
2023-10-31 00:00:00+05:30,225.0578379,225.0578379,228.2272644
2023-11-01 00:00:00+05:30,227.1692799,227.1692799,227.5228577
2023-11-02 00:00:00+05:30,224.7699243,224.7699243,227.0351257
2023-11-03 00:00:00+05:30,226.0683595,226.0683595,226.5587311
2023-11-06 00:00:00+05:30,228.0548205,228.0548205,226.2086334
2023-11-07 00:00:00+05:30,228.9753656,228.9753656,226.0967865
2023-11-08 00:00:00+05:30,232.4153131,232.4153131,226.2083435
2023-11-09 00:00:00+05:30,229.8474666,229.8474666,226.688858
2023-11-10 00:00:00+05:30,230.4773255,230.4773255,227.2007446
2023-11-13 00:00:00+05:30,237.3572171,237.3572171,227.738266
2023-11-15 00:00:00+05:30,241.2332328,241.2332328,228.7194977
2023-11-16 00:00:00+05:30,241.0878997,241.0878997,230.1849518
2023-11-17 00:00:00+05:30,245.1576996,245.1576996,231.8555756
2023-11-20 00:00:00+05:30,243.2197049,243.2197049,233.8203735
2023-11-21 00:00:00+05:30,244.7701151,244.7701151,235.7083282
2023-11-22 00:00:00+05:30,243.0259028,243.0259028,237.5214386
2023-11-23 00:00:00+05:30,246.1267045,246.1267045,239.0427246
2023-11-24 00:00:00+05:30,245.4484228,245.4484228,240.482605
2023-11-28 00:00:00+05:30,246.9503607,246.9503607,241.7275238
2023-11-29 00:00:00+05:30,251.5046671,251.5046671,242.8666077
2023-11-30 00:00:00+05:30,249.9542884,249.9542884,244.1722717
2023-12-01 00:00:00+05:30,254.2178577,254.2178577,245.3947144
2023-12-04 00:00:00+05:30,267.4447671,267.4447671,246.772583
2023-12-05 00:00:00+05:30,266.6695887,266.6695887,249.0589294
2023-12-06 00:00:00+05:30,279.0728328,279.0728328,251.7272034
2023-12-07 00:00:00+05:30,273.113453,273.113453,255.307663
2023-12-08 00:00:00+05:30,277.570861,277.570861,258.822998
2023-12-11 00:00:00+05:30,277.1832168,277.1832168,262.3569641
2023-12-12 00:00:00+05:30,278.539866,278.539866,265.628418
2023-12-13 00:00:00+05:30,275.9235577,275.9235577,268.597168
2023-12-14 00:00:00+05:30,288.5205706,288.5205706,270.9881287
2023-12-15 00:00:00+05:30,288.7628354,288.7628354,273.705658
2023-12-18 00:00:00+05:30,296.5148931,296.5148931,276.4670105
2023-12-19 00:00:00+05:30,295.5458399,295.5458399,279.6039429
2023-12-20 00:00:00+05:30,302.8133729,302.8133729,282.7027283
2023-12-21 00:00:00+05:30,286.6309726,286.6309726,286.0632629
2023-12-22 00:00:00+05:30,294.5768472,294.5768472,288.2518616
2023-12-26 00:00:00+05:30,296.9509126,296.9509126,290.0812988
2023-12-27 00:00:00+05:30,301.9412767,301.9412767,291.7120056
2023-12-28 00:00:00+05:30,299.5187811,299.5187811,293.4490051
2023-12-29 00:00:00+05:30,304.6060393,304.6060393,294.9736023
2024-01-01 00:00:00+05:30,302.3288769,302.3288769,296.6087341
2024-01-02 00:00:00+05:30,301.1660638,301.1660638,298.0466309
2024-01-03 00:00:00+05:30,297.677682,297.677682,299.1811218
2024-01-04 00:00:00+05:30,301.2629535,301.2629535,299.8034973
2024-01-05 00:00:00+05:30,312.8909934,312.8909934,300.2988586
2024-01-08 00:00:00+05:30,306.6409302,306.6409302,301.4726563
2024-01-09 00:00:00+05:30,307.9975844,307.9975844,302.5760803
2024-01-10 00:00:00+05:30,309.7417295,309.7417295,303.6554565
2024-01-11 00:00:00+05:30,305.1874317,305.1874317,304.7606201
2024-01-12 00:00:00+05:30,305.4296845,305.4296845,305.4929199
2024-01-15 00:00:00+05:30,305.1389381,305.1389381,305.9514465
2024-01-16 00:00:00+05:30,307.4161573,307.4161573,306.1805725
2024-01-17 00:00:00+05:30,300.148618,300.148618,306.4025269
2024-01-18 00:00:00+05:30,299.3734225,299.3734225,306.109314
2024-01-19 00:00:00+05:30,294.3830295,294.3830295,305.4552612
2024-01-23 00:00:00+05:30,303.733963,303.733963,304.2729797
2024-01-24 00:00:00+05:30,293.5594391,293.5594391,303.4719543
2024-01-25 00:00:00+05:30,300.3908887,300.3908887,302.2770691
2024-01-29 00:00:00+05:30,307.9490988,307.9490988,301.3823547
2024-01-30 00:00:00+05:30,311.8735479,311.8735479,301.2545166
2024-01-31 00:00:00+05:30,308.6757967,308.6757967,301.8976135
2024-02-01 00:00:00+05:30,310.1293232,310.1293232,302.7738647
2024-02-02 00:00:00+05:30,313.9569266,313.9569266,303.835968
2024-02-05 00:00:00+05:30,327.5229537,327.5229537,305.1991577
2024-02-06 00:00:00+05:30,328.7640316,328.7640316,307.5845947
2024-02-07 00:00:00+05:30,330.6230806,330.6230806,310.5436707
2024-02-08 00:00:00+05:30,326.7581375,326.7581375,313.7941589
2024-02-09 00:00:00+05:30,325.7797012,325.7797012,316.7375793
2024-02-12 00:00:00+05:30,319.1261035,319.1261035,319.2098999
2024-02-13 00:00:00+05:30,311.6897902,311.6897902,320.7502136
2024-02-14 00:00:00+05:30,313.989177,313.989177,321.0799561
2024-02-15 00:00:00+05:30,323.8716999,323.8716999,320.7711182
2024-02-16 00:00:00+05:30,334.5369392,334.5369392,320.7523804
2024-02-19 00:00:00+05:30,333.069233,333.069233,321.6564331
2024-02-20 00:00:00+05:30,333.264953,333.264953,322.9979248
2024-02-21 00:00:00+05:30,339.5271015,339.5271015,324.5468445
2024-02-22 00:00:00+05:30,331.6994054,331.6994054,326.5470581
2024-02-23 00:00:00+05:30,332.677863,332.677863,328.1572876
2024-02-26 00:00:00+05:30,330.7209085,330.7209085,329.4729309
2024-02-27 00:00:00+05:30,328.8618469,328.8618469,330.3692017
2024-02-28 00:00:00+05:30,328.4704695,328.4704695,330.8074951
2024-02-29 00:00:00+05:30,326.1221339,326.1221339,330.8963013
2024-03-01 00:00:00+05:30,328.3726162,328.3726162,330.5966187
2024-03-04 00:00:00+05:30,340.5055619,340.5055619,330.2257385
2024-03-05 00:00:00+05:30,347.2569896,347.2569896,330.6645508
2024-03-06 00:00:00+05:30,351.708996,351.708996,332.0536499
2024-03-07 00:00:00+05:30,344.4194075,344.4194075,334.2629089
2024-03-11 00:00:00+05:30,344.6640496,344.6640496,336.344635
2024-03-12 00:00:00+05:30,340.5055704,340.5055704,338.2145691
2024-03-13 00:00:00+05:30,336.4449681,336.4449681,339.5265808
2024-03-14 00:00:00+05:30,314.1359424,314.1359424,340.1106567
2024-03-15 00:00:00+05:30,315.701474,315.701474,338.6659546
2024-03-18 00:00:00+05:30,310.271035,310.271035,336.1375732
2024-03-19 00:00:00+05:30,307.5312862,307.5312862,332.7172546
2024-03-20 00:00:00+05:30,309.1947218,309.1947218,328.784729
2024-03-21 00:00:00+05:30,310.417787,310.417787,324.9155579
2024-03-22 00:00:00+05:30,317.5116705,317.5116705,321.4421387
2024-03-26 00:00:00+05:30,313.2063955,313.2063955,318.9492188
2024-03-27 00:00:00+05:30,324.8501505,324.8501505,316.9645691
2024-03-28 00:00:00+05:30,324.7522634,324.7522634,316.2361755
2024-04-01 00:00:00+05:30,331.6993728,331.6993728,316.3495789
2024-04-02 00:00:00+05:30,335.6132574,335.6132574,317.4659729
2024-04-03 00:00:00+05:30,336.9341499,336.9341499,319.4069519
2024-04-04 00:00:00+05:30,347.3548281,347.3548281,321.8255615
2024-04-05 00:00:00+05:30,348.7246546,348.7246546,325.0882874
2024-04-08 00:00:00+05:30,347.9419212,347.9419212,328.7507629
2024-04-09 00:00:00+05:30,357.1394673,357.1394673,332.3586426
2024-04-10 00:00:00+05:30,356.2588471,356.2588471,336.3063049
2024-04-12 00:00:00+05:30,354.6932903,354.6932903,340.1307373
2024-04-15 00:00:00+05:30,347.8440582,347.8440582,343.5052795
2024-04-16 00:00:00+05:30,353.2256182,353.2256182,345.8896179
2024-04-18 00:00:00+05:30,351.8068011,351.8068011,347.8466797
2024-04-19 00:00:00+05:30,335.7111298,335.7111298,349.2974854
2024-04-22 00:00:00+05:30,347.3548357,347.3548357,349.2336121
2024-04-23 00:00:00+05:30,338.5486307,338.5486307,349.0122681
2024-04-24 00:00:00+05:30,342.2668004,342.2668004,348.1018372
2024-04-25 00:00:00+05:30,343.440937,343.440937,347.0812378
2024-04-26 00:00:00+05:30,352.9320765,352.9320765,346.1425781
2024-04-29 00:00:00+05:30,351.9536055,351.9536055,345.973175
2024-04-30 00:00:00+05:30,357.090578,357.090578,346.2406921
2024-05-02 00:00:00+05:30,355.3782417,355.3782417,347.1228027
2024-05-03 00:00:00+05:30,364.2822341,364.2822341,348.2146912
2024-05-06 00:00:00+05:30,359.8791344,359.8791344,349.9696655
2024-05-07 00:00:00+05:30,350.5348293,350.5348293,351.7171021
2024-05-08 00:00:00+05:30,337.7658768,337.7658768,352.7002869
2024-05-09 00:00:00+05:30,348.8225287,348.8225287,352.2539063
2024-05-10 00:00:00+05:30,340.1631344,340.1631344,351.6776428
2024-05-13 00:00:00+05:30,347.8440508,347.8440508,350.4612122
2024-05-14 00:00:00+05:30,343.0006659,343.0006659,349.4547119
2024-05-15 00:00:00+05:30,349.8009911,349.8009911,348.3222046
2024-05-16 00:00:00+05:30,356.0142324,356.0142324,347.658783
2024-05-17 00:00:00+05:30,354.6443802,354.6443802,347.763092
2024-05-21 00:00:00+05:30,359.0963871,359.0963871,348.2586365
2024-05-22 00:00:00+05:30,366.9241171,366.9241171,349.274353
2024-05-23 00:00:00+05:30,366.9730032,366.9730032,351.0802917
2024-05-24 00:00:00+05:30,364.9671659,364.9671659,353.2634583
2024-05-27 00:00:00+05:30,371.7675001,371.7675001,355.396698
2024-05-28 00:00:00+05:30,364.5758083,364.5758083,357.8092957
2024-05-29 00:00:00+05:30,353.7148322,353.7148322,359.7339783
2024-05-30 00:00:00+05:30,356.1609977,356.1609977,360.4755859
2024-05-31 00:00:00+05:30,355.6228239,355.6228239,360.5785828
2024-06-03 00:00:00+05:30,376.7087293,376.7087293,360.2268677
2024-06-04 00:00:00+05:30,383.4601569,383.4601569,361.051178
2024-06-05 00:00:00+05:30,332.6778772,332.6778772,363.0271606
2024-06-06 00:00:00+05:30,340.3098781,340.3098781,362.1493225
2024-06-07 00:00:00+05:30,344.4194297,344.4194297,360.0558167
2024-06-10 00:00:00+05:30,357.1394479,357.1394479,357.5859985
2024-06-11 00:00:00+05:30,360.8086952,360.8086952,355.9150085
2024-06-12 00:00:00+05:30,361.5914595,361.5914595,355.1252441
2024-06-13 00:00:00+05:30,368.2939565,368.2939565,355.0162659
2024-06-14 00:00:00+05:30,362.0317749,362.0317749,355.8085632
2024-06-18 00:00:00+05:30,363.7929927,363.7929927,356.6889954
2024-06-19 00:00:00+05:30,361.8360756,361.8360756,357.6831665
2024-06-20 00:00:00+05:30,354.6933118,354.6933118,358.5380249
2024-06-21 00:00:00+05:30,352.1982156,352.1982156,358.7540894
2024-06-24 00:00:00+05:30,349.898812,349.898812,358.376709
2024-06-25 00:00:00+05:30,356.4056302,356.4056302,357.4877625
2024-06-26 00:00:00+05:30,355.1825451,355.1825451,356.7785339
2024-06-27 00:00:00+05:30,357.1883776,357.1883776,356.1505737
2024-06-28 00:00:00+05:30,369.8105856,369.8105856,355.7613525
2024-07-01 00:00:00+05:30,373.5287419,373.5287419,356.4126282
2024-07-02 00:00:00+05:30,364.5757901,364.5757901,357.9338379
2024-07-03 00:00:00+05:30,362.5699139,362.5699139,359.2965088
2024-07-04 00:00:00+05:30,365.8477971,365.8477971,360.3273621
2024-07-05 00:00:00+05:30,366.288115,366.288115,361.2903137
2024-07-08 00:00:00+05:30,372.6481226,372.6481226,362.16745
2024-07-09 00:00:00+05:30,371.0336537,371.0336537,363.3625793
2024-07-10 00:00:00+05:30,370.6422358,370.6422358,364.5660706
2024-07-11 00:00:00+05:30,374.1647305,374.1647305,365.6681824
2024-07-12 00:00:00+05:30,370.7890552,370.7890552,366.8686523
2024-07-15 00:00:00+05:30,370.4465956,370.4465956,367.8164978
2024-07-16 00:00:00+05:30,378.323205,378.323205,368.5169067
2024-07-18 00:00:00+05:30,374.653984,374.653984,369.5461121
2024-07-19 00:00:00+05:30,369.6148852,369.6148852,370.4607239
2024-07-22 00:00:00+05:30,356.8948284,356.8948284,370.901123
2024-07-23 00:00:00+05:30,368.5874843,368.5874843,370.1445618
2024-07-24 00:00:00+05:30,375.8281342,375.8281342,369.4763489
2024-07-25 00:00:00+05:30,382.5306337,382.5306337,369.3951111
2024-07-26 00:00:00+05:30,386.4445084,386.4445084,370.1549377
2024-07-29 00:00:00+05:30,395.2995479,395.2995479,371.6676941
2024-07-30 00:00:00+05:30,388.4503338,388.4503338,374.15802
2024-07-31 00:00:00+05:30,400.6811199,400.6811199,376.6247253
2024-08-01 00:00:00+05:30,410.8571226,410.8571226,379.73703
2024-08-02 00:00:00+05:30,407.2857548,407.2857548,383.7198181
2024-08-05 00:00:00+05:30,398.8709362,398.8709362,387.7276306
2024-08-06 00:00:00+05:30,404.3503706,404.3503706,390.8992615
2024-08-07 00:00:00+05:30,415.1849284,415.1849284,393.688385
2024-08-08 00:00:00+05:30,410.5991494,410.5991494,396.764679
2024-08-09 00:00:00+05:30,408.0843592,408.0843592,399.4919434
2024-08-12 00:00:00+05:30,404.3368413,404.3368413,401.6452332
2024-08-13 00:00:00+05:30,397.4335406,397.4335406,403.0307312
2024-08-14 00:00:00+05:30,393.3901627,393.3901627,403.3667297
2024-08-16 00:00:00+05:30,392.5518799,392.5518799,402.7446289
2024-08-19 00:00:00+05:30,396.7431975,396.7431975,401.5041504
2024-08-20 00:00:00+05:30,398.9621107,398.9621107,400.2445679
2024-08-21 00:00:00+05:30,401.8714077,401.8714077,399.213562
2024-08-22 00:00:00+05:30,404.1396081,404.1396081,398.6017761
2024-08-23 00:00:00+05:30,397.7786971,397.7786971,398.4545593
2024-08-26 00:00:00+05:30,396.891125,396.891125,398.1819458
2024-08-27 00:00:00+05:30,409.7608711,409.7608711,397.7904968
2024-08-28 00:00:00+05:30,404.3861202,404.3861202,398.2164307
2024-08-29 00:00:00+05:30,403.3999549,403.3999549,398.7569275
2024-08-30 00:00:00+05:30,406.9995768,406.9995768,399.2721863
2024-09-02 00:00:00+05:30,412.0291031,412.0291031,399.974762
2024-09-03 00:00:00+05:30,404.8299345,404.8299345,401.0819702
2024-09-04 00:00:00+05:30,394.474985,394.474985,401.8775024
2024-09-05 00:00:00+05:30,399.7510839,399.7510839,401.7235107
2024-09-06 00:00:00+05:30,397.6800668,397.6800668,401.3362122
2024-09-09 00:00:00+05:30,385.7965385,385.7965385,400.6792603
2024-09-10 00:00:00+05:30,384.7117061,384.7117061,399.098114
2024-09-11 00:00:00+05:30,393.4888033,393.4888033,396.9758911
2024-09-12 00:00:00+05:30,385.5992934,385.5992934,395.2493896
2024-09-13 00:00:00+05:30,399.2580107,399.2580107,393.3588562
2024-09-16 00:00:00+05:30,396.8911461,396.8911461,392.4319763
2024-09-17 00:00:00+05:30,406.161319,406.161319,392.0142212
2024-09-18 00:00:00+05:30,412.7194564,412.7194564,392.5843506
2024-09-19 00:00:00+05:30,418.1434746,418.1434746,394.1794434
2024-09-20 00:00:00+05:30,422.1375217,422.1375217,396.6780396
2024-09-23 00:00:00+05:30,421.5951148,421.5951148,399.8401184
2024-09-24 00:00:00+05:30,425.4905624,425.4905624,403.1573486
2024-09-25 00:00:00+05:30,422.1868553,422.1868553,406.5983582
2024-09-26 00:00:00+05:30,431.9008104,431.9008104,409.6430359
2024-09-27 00:00:00+05:30,429.9777023,429.9777023,412.8790894
2024-09-30 00:00:00+05:30,430.8652788,430.8652788,415.8682861
2024-10-01 00:00:00+05:30,439.8396183,439.8396183,418.5559082
2024-10-03 00:00:00+05:30,426.0329666,426.0329666,421.4686279
2024-10-04 00:00:00+05:30,426.9205357,426.9205357,423.3812561
2024-10-07 00:00:00+05:30,424.6523119,424.6523119,424.6022949
2024-10-08 00:00:00+05:30,408.2816053,408.2816053,425.141449
2024-10-09 00:00:00+05:30,418.58726,418.58726,424.11203
2024-10-10 00:00:00+05:30,414.8890753,414.8890753,422.870697
2024-10-11 00:00:00+05:30,418.0941684,418.0941684,421.3222046
2024-10-14 00:00:00+05:30,418.7351909,418.7351909,419.9156799
2024-10-15 00:00:00+05:30,420.7568779,420.7568779,418.7423401
2024-10-16 00:00:00+05:30,419.4254994,419.4254994,417.9388733
2024-10-17 00:00:00+05:30,417.7982972,417.7982972,417.3361816
2024-10-18 00:00:00+05:30,411.930494,411.930494,416.7937012
2024-10-21 00:00:00+05:30,420.165154,420.165154,415.9298096
2024-10-22 00:00:00+05:30,417.0093834,417.0093834,415.4776917
2024-10-23 00:00:00+05:30,408.2815891,408.2815891,415.0948792
2024-10-24 00:00:00+05:30,403.5972111,403.5972111,414.1987
2024-10-25 00:00:00+05:30,396.9404481,396.9404481,412.7270203
2024-10-28 00:00:00+05:30,393.3901687,393.3901687,410.5414734
2024-10-29 00:00:00+05:30,403.3506689,403.3506689,407.817688
2024-10-30 00:00:00+05:30,408.4295276,408.4295276,405.6146545
2024-10-31 00:00:00+05:30,405.8343634,405.8343634,404.2347717
2024-11-01 00:00:00+05:30,408.8111312,408.8111312,403.3041077
2024-11-04 00:00:00+05:30,410.6468283,410.6468283,402.930603
2024-11-05 00:00:00+05:30,396.9040292,396.9040292,403.0566711
2024-11-06 00:00:00+05:30,403.5521839,403.5521839,402.5587769
2024-11-07 00:00:00+05:30,407.7196434,407.7196434,402.1540527
2024-11-08 00:00:00+05:30,400.0296349,400.0296349,402.1053467
2024-11-11 00:00:00+05:30,395.0683199,395.0683199,401.7652283
2024-11-12 00:00:00+05:30,390.1070232,390.1070232,400.9351196
2024-11-13 00:00:00+05:30,381.0278595,381.0278595,399.5158386
2024-11-14 00:00:00+05:30,377.1084027,377.1084027,397.2080688
2024-11-18 00:00:00+05:30,377.0588013,377.0588013,394.2356873
2024-11-19 00:00:00+05:30,365.1516813,365.1516813,391.045105
2024-11-21 00:00:00+05:30,360.8849835,360.8849835,387.1341858
2024-11-22 00:00:00+05:30,354.2864212,354.2864212,382.7572937
2024-11-25 00:00:00+05:30,371.1052461,371.1052461,377.9404297
2024-11-26 00:00:00+05:30,367.1362073,367.1362073,374.3184509
2024-11-27 00:00:00+05:30,360.9841897,360.9841897,371.4346313
2024-11-28 00:00:00+05:30,366.8385554,366.8385554,368.8150635
2024-11-29 00:00:00+05:30,360.4384597,360.4384597,366.9425659
2024-12-02 00:00:00+05:30,360.8353502,360.8353502,365.2332153
2024-12-03 00:00:00+05:30,356.2213477,356.2213477,363.7732239
2024-12-04 00:00:00+05:30,366.0943532,366.0943532,362.2532959
2024-12-05 00:00:00+05:30,369.8649278,369.8649278,361.4695129
2024-12-06 00:00:00+05:30,366.5904748,366.5904748,361.4595947
2024-12-09 00:00:00+05:30,368.0292572,368.0292572,361.7233582
2024-12-10 00:00:00+05:30,366.1439527,366.1439527,362.2425537
2024-12-11 00:00:00+05:30,366.3920262,366.3920262,362.7559509
2024-12-12 00:00:00+05:30,363.1671854,363.1671854,363.245575
2024-12-13 00:00:00+05:30,352.9965231,352.9965231,363.4644165
2024-12-16 00:00:00+05:30,354.3856536,354.3856536,362.8043823
2024-12-17 00:00:00+05:30,349.2755374,349.2755374,361.7277832
2024-12-18 00:00:00+05:30,346.8444744,346.8444744,360.1105042
2024-12-19 00:00:00+05:30,334.3916457,334.3916457,358.1013489
2024-12-20 00:00:00+05:30,335.1854253,335.1854253,355.1385193
2024-12-23 00:00:00+05:30,333.3001511,333.3001511,351.8328552
2024-12-24 00:00:00+05:30,332.5063391,332.5063391,348.4075623
2024-12-26 00:00:00+05:30,332.7047774,332.7047774,345.0932617
2024-12-27 00:00:00+05:30,334.0443275,334.0443275,342.09552
2024-12-30 00:00:00+05:30,332.407103,332.407103,339.5998535
2024-12-31 00:00:00+05:30,327.5450523,327.5450523,337.4864197
2025-01-01 00:00:00+05:30,330.4226029,330.4226029,335.4317322
2025-01-02 00:00:00+05:30,331.0675436,331.0675436,333.7494202
2025-01-03 00:00:00+05:30,335.4334878,335.4334878,332.4597473
2025-01-06 00:00:00+05:30,339.055253,339.055253,331.8059998
2025-01-07 00:00:00+05:30,324.4690186,324.4690186,331.8487244
2025-01-08 00:00:00+05:30,327.9419409,327.9419409,331.3380432
2025-01-09 00:00:00+05:30,321.5418579,321.5418579,330.7457275
2025-01-10 00:00:00+05:30,317.8705192,317.8705192,329.6969299
2025-01-13 00:00:00+05:30,298.7695159,298.7695159,328.1794434
2025-01-14 00:00:00+05:30,298.1245287,298.1245287,325.165741
2025-01-15 00:00:00+05:30,310.1308561,310.1308561,321.3621216
2025-01-16 00:00:00+05:30,322.1868559,322.1868559,318.127655
2025-01-17 00:00:00+05:30,322.7821832,322.7821832,316.3063049
2025-01-20 00:00:00+05:30,323.6752374,323.6752374,315.5682373
2025-01-21 00:00:00+05:30,335.1854275,335.1854275,315.6434631
2025-01-22 00:00:00+05:30,324.4690348,324.4690348,317.0174561
2025-01-23 00:00:00+05:30,318.5154754,318.5154754,318.3895569
2025-01-24 00:00:00+05:30,322.2860515,322.2860515,319.2557678
